Workbook

Sheet Vulnerability Register
A1: Finding ID | B1: Finding | C1: CVSS Score | D1: Severity | E1: Control Ref | F1: Asset | G1: Detection Source | H1: Detection Date | I1: SLA (Days) | J1: Due Date | K1: Days Remaining | L1: Status | M1: Closure / Rescan Date | P1: Severity | Q1: SLA Days
A2: V-001 | B2: Unsupported TLS 1.0/1.1 protocol accepted on public load balancer | C2: 7.4 | D2: High | E2: SC-8/SC-13 | F2: prod-lb-01 | G2: Qualys | H2: 46239 | I2: =INDEX($Q$2:$Q$5,MATCH(D2,$P$2:$P$5,0)) -> 30 | J2: =H2+I2 -> 46269 | K2: =J2-$Q$7 -> -17 | L2: Remediation | P2: Critical | Q2: 15
A3: V-002 | B3: Missing critical OS security patch (kernel privilege escalation, CVE-class) | C3: 8.1 | D3: High | E3: SI-2 | F3: app-tier ASG | G3: Qualys | H3: 46244 | I3: =INDEX($Q$2:$Q$5,MATCH(D3,$P$2:$P$5,0)) -> 30 | J3: =H3+I3 -> 46274 | K3: =J3-$Q$7 -> -12 | L3: Remediation | P3: High | Q3: 30
A4: V-003 | B4: Excessive privilege assigned to service account (standing admin) | C4: 5.9 | D4: Moderate | E4: AC-6 | F4: IAM | G4: Manual Review | H4: 46235 | I4: =INDEX($Q$2:$Q$5,MATCH(D4,$P$2:$P$5,0)) -> 90 | J4: =H4+I4 -> 46325 | K4: =J4-$Q$7 -> 39 | L4: Open | P4: Moderate | Q4: 90
A5: V-004 | B5: Audit logging gap identified during control testing (weekend coverage) | C5: 4.3 | D5: Moderate | E5: AU-2/AU-6 | F5: Sentinel | G5: Control Test | H5: 46218 | I5: =INDEX($Q$2:$Q$5,MATCH(D5,$P$2:$P$5,0)) -> 90 | J5: =H5+I5 -> 46308 | K5: =J5-$Q$7 -> 22 | L5: Validation | P5: Low | Q5: 180
A6: V-005 | B6: Outdated TLS library version on internal API gateway | C6: 6.8 | D6: Moderate | E6: SC-8 | F6: internal-api-gw | G6: Nessus | H6: 46246 | I6: =INDEX($Q$2:$Q$5,MATCH(D6,$P$2:$P$5,0)) -> 90 | J6: =H6+I6 -> 46336 | K6: =J6-$Q$7 -> 50 | L6: Open
A7: V-006 | B7: Default credentials present on non-production test instance | C7: 9.1 | D7: Critical | E7: IA-5 | F7: test-env-03 | G7: Qualys | H7: 46267 | I7: =INDEX($Q$2:$Q$5,MATCH(D7,$P$2:$P$5,0)) -> 15 | J7: =H7+I7 -> 46282 | K7: =J7-$Q$7 -> -4 | L7: Remediation | P7: Snapshot (As-Of) Date -> | Q7: 46286
A8: V-007 | B8: Container base image contains 2 known-exploited CVEs | C8: 8.6 | D8: High | E8: SI-2 | F8: CI/CD registry | G8: Trivy (SCA) | H8: 46254 | I8: =INDEX($Q$2:$Q$5,MATCH(D8,$P$2:$P$5,0)) -> 30 | J8: =H8+I8 -> 46284 | K8: =J8-$Q$7 -> -2 | L8: Remediation
A9: V-008 | B9: Verbose error messages disclose stack trace on application error page | C9: 3.7 | D9: Low | E9: SI-11 | F9: web app | G9: DAST scan | H9: 46231 | I9: =INDEX($Q$2:$Q$5,MATCH(D9,$P$2:$P$5,0)) -> 180 | J9: =H9+I9 -> 46411 | K9: =J9-$Q$7 -> 125 | L9: Open
A10: V-009 | B10: Missing HTTP security headers (CSP, HSTS) on public endpoint | C10: 4.8 | D10: Moderate | E10: SC-8 | F10: public web app | G10: DAST scan | H10: 46248 | I10: =INDEX($Q$2:$Q$5,MATCH(D10,$P$2:$P$5,0)) -> 90 | J10: =H10+I10 -> 46338 | K10: =J10-$Q$7 -> 52 | L10: Open
A11: V-010 | B11: Unencrypted EBS snapshot identified in non-production account | C11: 6.2 | D11: Moderate | E11: SC-28 | F11: EBS snapshot | G11: AWS Config | H11: 46252 | I11: =INDEX($Q$2:$Q$5,MATCH(D11,$P$2:$P$5,0)) -> 90 | J11: =H11+I11 -> 46342 | K11: =J11-$Q$7 -> 56 | L11: Open
A12: V-011 | B12: File integrity monitoring not deployed on 2 application hosts | C12: 5.4 | D12: Moderate | E12: SI-7 | F12: app servers | G12: Internal Assessment | H12: 46228 | I12: =INDEX($Q$2:$Q$5,MATCH(D12,$P$2:$P$5,0)) -> 90 | J12: =H12+I12 -> 46318 | K12: =J12-$Q$7 -> 32 | L12: Open
A13: V-012 | B13: Weak cipher suite (RC4) enabled on legacy internal admin console | C13: 7.9 | D13: High | E13: SC-8 | F13: admin console | G13: Nessus | H13: 46174 | I13: =INDEX($Q$2:$Q$5,MATCH(D13,$P$2:$P$5,0)) -> 30 | J13: =H13+I13 -> 46204 | K13: =J13-$Q$7 -> -82 | L13: Closed | M13: 2026-06-28
B15: SLA and Due Date are formula-driven from the Severity → SLA Days lookup table (P1:Q5). Days Remaining is computed against the snapshot (as-of) date in Q7 (blue, editable). Severity fill: red = Critical, orange = High, yellow = Moderate, green = Low; grey rows are Closed.

Sheet Summary
A1: Metric | B1: Value
A2: Total Findings | B2: =COUNTA('Vulnerability Register'!A2:A1000) -> 12
A3: Open (Not Closed) | B3: =COUNTIFS('Vulnerability Register'!L2:L1000,"<>Closed",'Vulnerability Register'!L2:L1000,"<>") -> 11
A4: Critical/High Open | B4: =COUNTIFS('Vulnerability Register'!D2:D1000,"Critical",'Vulnerability Register'!L2:L1000,"<>Closed")+COUNTIFS('Vulnerability Register'!D2:D1000,"High",'Vulnerability Register'!L2:L1000,"<>Closed") -> 4
A5: Past SLA (Open) | B5: =COUNTIFS('Vulnerability Register'!L2:L1000,"<>Closed",'Vulnerability Register'!L2:L1000,"<>",'Vulnerability Register'!K2:K1000,"<0") -> 4
A6: Closed (Cumulative) | B6: =COUNTIF('Vulnerability Register'!L2:L1000,"Closed") -> 1
