Workbook

Sheet POAM
A1: POA&M ID | B1: Weakness / Finding | C1: Source | D1: Control ID | E1: Severity | F1: Asset | G1: Owner | H1: Detection Date | I1: Scheduled Completion | J1: Days Open | K1: Days Until Due | L1: Status | M1: Milestones / Remediation Plan | N1: Evidence of Closure | P1: Snapshot (As-Of) Date -> | Q1: 46286
A2: POA-001 | B2: Unsupported TLS 1.0/1.1 cipher accepted on load balancer | C2: Scan | D2: SC-8/SC-13 | E2: High | F2: prod-lb-01 | G2: Cloud Engineering | H2: 46239 | I2: 46269 | J2: =$Q$1-H2 -> 47 | K2: =I2-$Q$1 -> -17 | L2: Remediation | M2: Disable legacy ciphers in listener policy; validate via TLS rescan. | N2: =IF(L2="Closed","See closure evidence log","")
A3: POA-002 | B3: Missing critical OS security patch (kernel) | C3: Scan | D3: SI-2 | E3: High | F3: app-tier ASG | G3: IT Operations | H3: 46244 | I3: 46274 | J3: =$Q$1-H3 -> 42 | K3: =I3-$Q$1 -> -12 | L3: Remediation | M3: Patch via maintenance window; validate via rescan. | N3: =IF(L3="Closed","See closure evidence log","")
A4: POA-003 | B4: Excessive standing privilege on 3 service accounts | C4: Assessment | D4: AC-6 | E4: Moderate | F4: IAM | G4: IAM Team | H4: 46204 | I4: 46294 | J4: =$Q$1-H4 -> 82 | K4: =I4-$Q$1 -> 8 | L4: Open | M4: Convert to PIM-eligible roles; remove standing assignment. | N4: =IF(L4="Closed","See closure evidence log","")
A5: POA-004 | B5: Audit log review gap for weekends | C5: Assessment | D5: AU-2/AU-6 | E5: Moderate | F5: Sentinel | G5: SOC | H5: 46218 | I5: 46308 | J5: =$Q$1-H5 -> 68 | K5: =I5-$Q$1 -> 22 | L5: Validation | M5: Extend SOC coverage schedule; add automated weekend digest. | N5: =IF(L5="Closed","See closure evidence log","")
A6: POA-005 | B6: S3 bucket policy allows overly broad internal principal | C6: Scan | D6: AC-3 | E6: Moderate | F6: object storage | G6: Cloud Engineering | H6: 46235 | I6: 46325 | J6: =$Q$1-H6 -> 51 | K6: =I6-$Q$1 -> 39 | L6: Open | M6: Tighten bucket policy to least-privilege principals. | N6: =IF(L6="Closed","See closure evidence log","")
A7: POA-006 | B7: Container base image missing latest security patches | C7: Scan | D7: SI-2 | E7: Moderate | F7: CI/CD registry | G7: DevSecOps | H7: 46246 | I7: 46336 | J7: =$Q$1-H7 -> 40 | K7: =I7-$Q$1 -> 50 | L7: Open | M7: Rebuild from patched base image; add CI gate. | N7: =IF(L7="Closed","See closure evidence log","")
A8: POA-007 | B8: Password policy allows 90-day rotation vs. recommended risk-based approach | C8: Assessment | D8: IA-5 | E8: Low | F8: Entra ID | G8: IAM Team | H8: 46174 | I8: 46354 | J8: =$Q$1-H8 -> 112 | K8: =I8-$Q$1 -> 68 | L8: Open | M8: Migrate to risk-based/passwordless authentication policy. | N8: =IF(L8="Closed","See closure evidence log","")
A9: POA-008 | B9: Contingency plan test overdue by one quarter | C9: Assessment | D9: CP-4 | E9: Moderate | F9: N/A | G9: Cloud Engineering | H9: 46223 | I9: 46313 | J9: =$Q$1-H9 -> 63 | K9: =I9-$Q$1 -> 27 | L9: Open | M9: Schedule and execute tabletop/failover exercise. | N9: =IF(L9="Closed","See closure evidence log","")
A10: POA-009 | B10: Database instance missing automated minor-version patching | C10: Scan | D10: SI-2 | E10: Moderate | F10: RDS instance | G10: Cloud Engineering | H10: 46249 | I10: 46339 | J10: =$Q$1-H10 -> 37 | K10: =I10-$Q$1 -> 53 | L10: Open | M10: Enable automated minor version upgrade window. | N10: =IF(L10="Closed","See closure evidence log","")
A11: POA-010 | B11: Software integrity monitoring (file integrity) not yet deployed | C11: Assessment | D11: SI-7 | E11: Moderate | F11: app servers | G11: Cloud Engineering | H11: 46228 | I11: 46318 | J11: =$Q$1-H11 -> 58 | K11: =I11-$Q$1 -> 32 | L11: Open | M11: Deploy file integrity monitoring agent fleet-wide. | N11: =IF(L11="Closed","See closure evidence log","")
A12: POA-011 | B12: Vendor risk assessment overdue for a subprocessor | C12: Assessment | D12: SA-9 | E12: Low | F12: N/A | G12: GRC | H12: 46183 | I12: 46363 | J12: =$Q$1-H12 -> 103 | K12: =I12-$Q$1 -> 77 | L12: Open | M12: Complete annual subprocessor risk questionnaire. | N12: =IF(L12="Closed","See closure evidence log","")
A13: POA-012 | B13: Logging retention below 12-month requirement on one log source | C13: Assessment | D13: AU-11 | E13: Moderate | F13: SIEM archive | G13: SOC | H13: 46235 | I13: 46325 | J13: =$Q$1-H13 -> 51 | K13: =I13-$Q$1 -> 39 | L13: Open | M13: Extend archive retention policy to 12 months. | N13: =IF(L13="Closed","See closure evidence log","")
... A19: POA-018 | B19: Risk register residual score not re-validated after control update | C19: Assessment | D19: RA-3 | E19: Low | F19: N/A | G19: GRC | H19: 46256 | I19: 46346 | J19: =$Q$1-H19 -> 30 | K19: =I19-$Q$1 -> 60 | L19: Open | M19: Re-score affected risks in Cloud Risk Register following SC-8 remediation. | N19: =IF(L19="Closed","See closure evidence log","")
A20: POA-019 | B20: Weak cipher suite on internal admin console (closed) | C20: Scan | D20: SC-8 | E20: High | F20: admin console | G20: Cloud Engineering | H20: 46174 | I20: 46204 | J20: =$Q$1-H20 -> 112 | K20: =I20-$Q$1 -> -82 | L20: Closed | M20: Cipher suite updated and validated. | N20: Rescan confirmed remediation 2026-06-28
A21: POA-020 | B21: Stale privileged account not disabled within SLA (closed) | C21: Scan | D21: AC-2 | E21: High | F21: Entra ID | G21: IAM Team | H21: 46152 | I21: 46182 | J21: =$Q$1-H21 -> 134 | K21: =I21-$Q$1 -> -104 | L21: Closed | M21: Account disabled and access review process tightened. | N21: Access review sign-off 2026-06-05
A22: POA-021 | B22: Unencrypted snapshot identified in dev environment (closed) | C22: Scan | D22: SC-28 | E22: Moderate | F22: EBS snapshot | G22: Cloud Engineering | H22: 46162 | I22: 46252 | J22: =$Q$1-H22 -> 124 | K22: =I22-$Q$1 -> -34 | L22: Closed | M22: Snapshot re-encrypted with KMS CMK; snapshot policy updated. | N22: KMS policy export 2026-07-30
A23: POA-022 | B23: Missing CAB record for one standard change (closed) | C23: Assessment | D23: CM-3 | E23: Low | F23: change log | G23: Cloud Engineering | H23: 46113 | I23: 46293 | J23: =$Q$1-H23 -> 173 | K23: =I23-$Q$1 -> 7 | L23: Closed | M23: Change process retrained; record backfilled and closed. | N23: Change tracker entry CHG-014
B26: Days Open / Days Until Due are calculated against the snapshot (as-of) date in M1 (blue, editable) rather than a volatile TODAY() so the register reads consistently between refreshes. Severity fill: red = High, yellow = Moderate, green = Low; grey rows are Closed.

Sheet Summary
A1: Metric | B1: Value
A2: Total POA&M Items | B2: =COUNTA(POAM!A2:A1000) -> 22
A3: Open POA&M Items | B3: =COUNTIFS(POAM!L2:L1000,"<>Closed",POAM!L2:L1000,"<>") -> 18
A4: High-Risk Open Items | B4: =COUNTIFS(POAM!E2:E1000,"High",POAM!L2:L1000,"<>Closed",POAM!L2:L1000,"<>") -> 3
A5: Past-Due Open Items | B5: =COUNTIFS(POAM!L2:L1000,"<>Closed",POAM!L2:L1000,"<>",POAM!K2:K1000,"<0") -> 2
A6: Closed Items (Cumulative) | B6: =COUNTIF(POAM!L2:L1000,"Closed") -> 4
